[{
  "_id": {
    "$oid": "66065bfc37de136a3499a2f9"
  },
  "userId1": 1,
  "userId2": 2,
  "similarity": 0
},
{
  "_id": {
    "$oid": "66065bfc37de136a3499a2fa"
  },
  "userId1": 1,
  "userId2": 3,
  "similarity": 0.40824829046386296
},
{
  "_id": {
    "$oid": "66065bfc37de136a3499a2fb"
  },
  "userId1": 1,
  "userId2": 4,
  "similarity": 0.4999999999999999
},
{
  "_id": {
    "$oid": "66065bfc37de136a3499a2fc"
  },
  "userId1": 1,
  "userId2": 5,
  "similarity": 0
},
{
  "_id": {
    "$oid": "66065bfc37de136a3499a2fd"
  },
  "userId1": 1,
  "userId2": 6,
  "similarity": 0
},
{
  "_id": {
    "$oid": "66065bfc37de136a3499a2fe"
  },
  "userId1": 1,
  "userId2": 7,
  "similarity": 0.35355339059327373
},
{
  "_id": {
    "$oid": "66065bfc37de136a3499a2ff"
  },
  "userId1": 1,
  "userId2": 8,
  "similarity": 0.4999999999999999
},
{
  "_id": {
    "$oid": "66065bfc37de136a3499a300"
  },
  "userId1": 1,
  "userId2": 9,
  "similarity": 0.40824829046386296
},
{
  "_id": {
    "$oid": "66065bfc37de136a3499a301"
  },
  "userId1": 1,
  "userId2": 10,
  "similarity": 0.40824829046386296
},
{
  "_id": {
    "$oid": "66065bfc37de136a3499a302"
  },
  "userId1": 2,
  "userId2": 3,
  "similarity": 0.5773502691896258
},
{
  "_id": {
    "$oid": "66065bfc37de136a3499a303"
  },
  "userId1": 2,
  "userId2": 4,
  "similarity": 0.7071067811865475
},
{
  "_id": {
    "$oid": "66065bfc37de136a3499a304"
  },
  "userId1": 2,
  "userId2": 5,
  "similarity": 0
},
{
  "_id": {
    "$oid": "66065bfc37de136a3499a305"
  },
  "userId1": 2,
  "userId2": 6,
  "similarity": 0
},
{
  "_id": {
    "$oid": "66065bfc37de136a3499a306"
  },
  "userId1": 2,
  "userId2": 7,
  "similarity": 0.5
},
{
  "_id": {
    "$oid": "66065bfc37de136a3499a307"
  },
  "userId1": 2,
  "userId2": 8,
  "similarity": 0
},
{
  "_id": {
    "$oid": "66065bfc37de136a3499a308"
  },
  "userId1": 2,
  "userId2": 9,
  "similarity": 0.5773502691896258
},
{
  "_id": {
    "$oid": "66065bfc37de136a3499a309"
  },
  "userId1": 2,
  "userId2": 10,
  "similarity": 0.5773502691896258
},
{
  "_id": {
    "$oid": "66065bfc37de136a3499a30a"
  },
  "userId1": 3,
  "userId2": 4,
  "similarity": 0.8164965809277259
},
{
  "_id": {
    "$oid": "66065bfc37de136a3499a30b"
  },
  "userId1": 3,
  "userId2": 5,
  "similarity": 0
},
{
  "_id": {
    "$oid": "66065bfc37de136a3499a30c"
  },
  "userId1": 3,
  "userId2": 6,
  "similarity": 0
},
{
  "_id": {
    "$oid": "66065bfc37de136a3499a30d"
  },
  "userId1": 3,
  "userId2": 7,
  "similarity": 0.5773502691896258
},
{
  "_id": {
    "$oid": "66065bfc37de136a3499a30e"
  },
  "userId1": 3,
  "userId2": 8,
  "similarity": 0.40824829046386296
},
{
  "_id": {
    "$oid": "66065bfc37de136a3499a30f"
  },
  "userId1": 3,
  "userId2": 9,
  "similarity": 0.6666666666666667
},
{
  "_id": {
    "$oid": "66065bfc37de136a3499a310"
  },
  "userId1": 3,
  "userId2": 10,
  "similarity": 1
},
{
  "_id": {
    "$oid": "66065bfc37de136a3499a311"
  },
  "userId1": 4,
  "userId2": 5,
  "similarity": 0
},
{
  "_id": {
    "$oid": "66065bfc37de136a3499a312"
  },
  "userId1": 4,
  "userId2": 6,
  "similarity": 0
},
{
  "_id": {
    "$oid": "66065bfc37de136a3499a313"
  },
  "userId1": 4,
  "userId2": 7,
  "similarity": 0.7071067811865475
},
{
  "_id": {
    "$oid": "66065bfc37de136a3499a314"
  },
  "userId1": 4,
  "userId2": 8,
  "similarity": 0.4999999999999999
},
{
  "_id": {
    "$oid": "66065bfc37de136a3499a315"
  },
  "userId1": 4,
  "userId2": 9,
  "similarity": 0.8164965809277259
},
{
  "_id": {
    "$oid": "66065bfc37de136a3499a316"
  },
  "userId1": 4,
  "userId2": 10,
  "similarity": 0.8164965809277259
},
{
  "_id": {
    "$oid": "66065bfc37de136a3499a317"
  },
  "userId1": 5,
  "userId2": 6,
  "similarity": 0
},
{
  "_id": {
    "$oid": "66065bfc37de136a3499a318"
  },
  "userId1": 5,
  "userId2": 7,
  "similarity": 0
},
{
  "_id": {
    "$oid": "66065bfc37de136a3499a319"
  },
  "userId1": 5,
  "userId2": 8,
  "similarity": 0
},
{
  "_id": {
    "$oid": "66065bfc37de136a3499a31a"
  },
  "userId1": 5,
  "userId2": 9,
  "similarity": 0
},
{
  "_id": {
    "$oid": "66065bfc37de136a3499a31b"
  },
  "userId1": 5,
  "userId2": 10,
  "similarity": 0
},
{
  "_id": {
    "$oid": "66065bfc37de136a3499a31c"
  },
  "userId1": 6,
  "userId2": 7,
  "similarity": 0
},
{
  "_id": {
    "$oid": "66065bfc37de136a3499a31d"
  },
  "userId1": 6,
  "userId2": 8,
  "similarity": 0
},
{
  "_id": {
    "$oid": "66065bfc37de136a3499a31e"
  },
  "userId1": 6,
  "userId2": 9,
  "similarity": 0
},
{
  "_id": {
    "$oid": "66065bfc37de136a3499a31f"
  },
  "userId1": 6,
  "userId2": 10,
  "similarity": 0
},
{
  "_id": {
    "$oid": "66065bfc37de136a3499a320"
  },
  "userId1": 7,
  "userId2": 8,
  "similarity": 0.35355339059327373
},
{
  "_id": {
    "$oid": "66065bfc37de136a3499a321"
  },
  "userId1": 7,
  "userId2": 9,
  "similarity": 0.5773502691896258
},
{
  "_id": {
    "$oid": "66065bfc37de136a3499a322"
  },
  "userId1": 7,
  "userId2": 10,
  "similarity": 0.5773502691896258
},
{
  "_id": {
    "$oid": "66065bfc37de136a3499a323"
  },
  "userId1": 8,
  "userId2": 9,
  "similarity": 0.40824829046386296
},
{
  "_id": {
    "$oid": "66065bfc37de136a3499a324"
  },
  "userId1": 8,
  "userId2": 10,
  "similarity": 0.40824829046386296
},
{
  "_id": {
    "$oid": "66065bfc37de136a3499a325"
  },
  "userId1": 9,
  "userId2": 10,
  "similarity": 0.6666666666666667
}]