[{
  "_id": {
    "$oid": "66065406ca448309d2a7c3ca"
  },
  "userId": 1,
  "recruitId": 2,
  "clickCount": 3,
  "_class": "com.ssafy.pickitup.domain.user.entity.ClickMongo"
},
{
  "_id": {
    "$oid": "66065c4ec45fe412fbcebf95"
  },
  "userId": 1,
  "recruitId": 0,
  "clickCount": 5,
  "_class": "com.ssafy.pickitup.domain.user.entity.ClickMongo"
},
{
  "_id": {
    "$oid": "660677e83e26266afe2eb2bd"
  },
  "userId": 1,
  "recruitId": 5,
  "clickCount": 2,
  "_class": "com.ssafy.pickitup.domain.user.entity.ClickMongo"
},
{
  "_id": {
    "$oid": "660680673f0207415da20f80"
  },
  "userId": 10,
  "recruitId": 4,
  "clickCount": 1,
  "_class": "com.ssafy.pickitup.domain.user.entity.ClickMongo"
},
{
  "_id": {
    "$oid": "660955e43f0207415da20f82"
  },
  "userId": 3,
  "recruitId": 0,
  "clickCount": 7,
  "_class": "com.ssafy.pickitup.domain.user.entity.ClickMongo"
},
{
  "_id": {
    "$oid": "660a15ab7dfcec510f9bdc8d"
  },
  "userId": 12,
  "recruitId": 0,
  "clickCount": 1,
  "_class": "com.ssafy.pickitup.domain.user.entity.ClickMongo"
},
{
  "_id": {
    "$oid": "660a15fb7dfcec510f9bdc8e"
  },
  "userId": 12,
  "recruitId": 1,
  "clickCount": 2,
  "_class": "com.ssafy.pickitup.domain.user.entity.ClickMongo"
},
{
  "_id": {
    "$oid": "660a160f7dfcec510f9bdc8f"
  },
  "userId": 12,
  "recruitId": 4,
  "clickCount": 2,
  "_class": "com.ssafy.pickitup.domain.user.entity.ClickMongo"
},
{
  "_id": {
    "$oid": "660a16287dfcec510f9bdc90"
  },
  "userId": 12,
  "recruitId": 8,
  "clickCount": 1,
  "_class": "com.ssafy.pickitup.domain.user.entity.ClickMongo"
},
{
  "_id": {
    "$oid": "660a164b7dfcec510f9bdc91"
  },
  "userId": 12,
  "recruitId": 7,
  "clickCount": 1,
  "_class": "com.ssafy.pickitup.domain.user.entity.ClickMongo"
},
{
  "_id": {
    "$oid": "660a1a023087527f1fa5fb00"
  },
  "userId": 1,
  "recruitId": 1,
  "clickCount": 2,
  "_class": "com.ssafy.pickitup.domain.user.entity.ClickMongo"
},
{
  "_id": {
    "$oid": "660a49a93087527f1fa5fb13"
  },
  "userId": 2,
  "recruitId": 0,
  "clickCount": 3,
  "_class": "com.ssafy.pickitup.domain.user.entity.ClickMongo"
},
{
  "_id": {
    "$oid": "660a49de3087527f1fa5fb14"
  },
  "userId": 2,
  "recruitId": 8,
  "clickCount": 1,
  "_class": "com.ssafy.pickitup.domain.user.entity.ClickMongo"
},
{
  "_id": {
    "$oid": "660a4a323087527f1fa5fb15"
  },
  "userId": 2,
  "recruitId": 6,
  "clickCount": 1,
  "_class": "com.ssafy.pickitup.domain.user.entity.ClickMongo"
},
{
  "_id": {
    "$oid": "660a5728f4fd3f764cd54156"
  },
  "userId": 201,
  "recruitId": 0,
  "clickCount": 1,
  "_class": "com.ssafy.pickitup.domain.user.entity.ClickMongo"
},
{
  "_id": {
    "$oid": "660a71eaeb755004edcf6ab1"
  },
  "userId": 3,
  "recruitId": 7,
  "clickCount": 4,
  "_class": "com.ssafy.pickitup.domain.user.entity.ClickMongo"
},
{
  "_id": {
    "$oid": "660a729beb755004edcf6ab2"
  },
  "userId": 3,
  "recruitId": 2,
  "clickCount": 6,
  "_class": "com.ssafy.pickitup.domain.user.entity.ClickMongo"
},
{
  "_id": {
    "$oid": "660ac6a3d1789366a5468d68"
  },
  "userId": 1,
  "recruitId": 3,
  "clickCount": 1,
  "_class": "com.ssafy.pickitup.domain.user.entity.ClickMongo"
},
{
  "_id": {
    "$oid": "660b475bd1789366a5468d6a"
  },
  "userId": 2,
  "recruitId": 1,
  "clickCount": 1,
  "_class": "com.ssafy.pickitup.domain.user.entity.ClickMongo"
},
{
  "_id": {
    "$oid": "660b6513d1789366a5468d6e"
  },
  "userId": 206,
  "recruitId": 1,
  "clickCount": 1,
  "_class": "com.ssafy.pickitup.domain.user.entity.ClickMongo"
},
{
  "_id": {
    "$oid": "660ba5c32cafcb2a69e9692b"
  },
  "userId": 201,
  "recruitId": 1,
  "clickCount": 1,
  "_class": "com.ssafy.pickitup.domain.user.entity.ClickMongo"
},
{
  "_id": {
    "$oid": "660ba7412cafcb2a69e9692c"
  },
  "userId": 1,
  "recruitId": 10,
  "clickCount": 1,
  "_class": "com.ssafy.pickitup.domain.user.entity.ClickMongo"
},
{
  "_id": {
    "$oid": "660ba7732cafcb2a69e9692d"
  },
  "userId": 1,
  "recruitId": 8,
  "clickCount": 1,
  "_class": "com.ssafy.pickitup.domain.user.entity.ClickMongo"
},
{
  "_id": {
    "$oid": "660ba78d2cafcb2a69e9692e"
  },
  "userId": 1,
  "recruitId": 11,
  "clickCount": 1,
  "_class": "com.ssafy.pickitup.domain.user.entity.ClickMongo"
},
{
  "_id": {
    "$oid": "660ba7c42cafcb2a69e9692f"
  },
  "userId": 1,
  "recruitId": 4,
  "clickCount": 1,
  "_class": "com.ssafy.pickitup.domain.user.entity.ClickMongo"
},
{
  "_id": {
    "$oid": "660ba7ea2cafcb2a69e96930"
  },
  "userId": 1,
  "recruitId": 9,
  "clickCount": 2,
  "_class": "com.ssafy.pickitup.domain.user.entity.ClickMongo"
},
{
  "_id": {
    "$oid": "660bb4cd2cafcb2a69e96931"
  },
  "userId": 3,
  "recruitId": 1,
  "clickCount": 1,
  "_class": "com.ssafy.pickitup.domain.user.entity.ClickMongo"
},
{
  "_id": {
    "$oid": "660bb50d2cafcb2a69e96932"
  },
  "userId": 3,
  "recruitId": 4,
  "clickCount": 4,
  "_class": "com.ssafy.pickitup.domain.user.entity.ClickMongo"
},
{
  "_id": {
    "$oid": "660bb51e2cafcb2a69e96933"
  },
  "userId": 3,
  "recruitId": 5,
  "clickCount": 3,
  "_class": "com.ssafy.pickitup.domain.user.entity.ClickMongo"
},
{
  "_id": {
    "$oid": "660bb7ee2cafcb2a69e96935"
  },
  "userId": 3,
  "recruitId": 6,
  "clickCount": 4,
  "_class": "com.ssafy.pickitup.domain.user.entity.ClickMongo"
},
{
  "_id": {
    "$oid": "660bb7f02cafcb2a69e96936"
  },
  "userId": 3,
  "recruitId": 10,
  "clickCount": 2,
  "_class": "com.ssafy.pickitup.domain.user.entity.ClickMongo"
},
{
  "_id": {
    "$oid": "660bb8162cafcb2a69e96937"
  },
  "userId": 3,
  "recruitId": 3,
  "clickCount": 2,
  "_class": "com.ssafy.pickitup.domain.user.entity.ClickMongo"
},
{
  "_id": {
    "$oid": "660d090a96f9df7a728b8deb"
  },
  "userId": 201,
  "recruitId": 4,
  "clickCount": 1,
  "_class": "com.ssafy.pickitup.domain.user.entity.ClickMongo"
}]