[{
  "_id": 1,
  "keywords": [
    "Java",
    "Javascript"
  ],
  "rank": "NORMAL",
  "latitude": 37.4586752910068,
  "longitude": 126.705351572816,
  "_class": "com.ssafy.pickitup.domain.user.entity.UserMongo"
},
{
  "_id": 2,
  "keywords": [
    "Alamofire",
    "Android",
    "Django",
    "FastAPI",
    "Jasmine",
    "Java",
    "Javascript"
  ],
  "rank": "NORMAL",
  "latitude": 37.5171021494127,
  "longitude": 126.740015740398,
  "_class": "com.ssafy.pickitup.domain.user.entity.UserMongo"
},
{
  "_id": 3,
  "keywords": [
    "Javascript",
    "Typescript"
  ],
  "rank": "NORMAL",
  "latitude": 37.5012767241426,
  "longitude": 127.039600248343,
  "_class": "com.ssafy.pickitup.domain.user.entity.UserMongo"
},
{
  "_id": 4,
  "keywords": [
    "Java",
    "Ruby"
  ],
  "rank": "NORMAL",
  "latitude": 37.4953666908089,
  "longitude": 127.03306536185,
  "_class": "com.ssafy.pickitup.domain.user.entity.UserMongo"
},
{
  "_id": 5,
  "keywords": [
    "Java",
    "Javascript",
    "Kotlin",
    "Python",
    "Scala",
    "Typescript"
  ],
  "rank": "NORMAL",
  "latitude": 37.5171021494127,
  "longitude": 126.740015740398,
  "_class": "com.ssafy.pickitup.domain.user.entity.UserMongo"
},
{
  "_id": 6,
  "keywords": [
    "Netty",
    "Ruby",
    "AWS MariaDB",
    "AWS DynamoDB",
    "Ruby"
  ],
  "rank": "NORMAL",
  "latitude": 37.550174347382,
  "longitude": 126.960034513244,
  "_class": "com.ssafy.pickitup.domain.user.entity.UserMongo"
},
{
  "_id": 7,
  "keywords": [
    "ExoPlayer",
    "CSharp",
    "Jenkins",
    "Kakaotalk",
    "Confluence"
  ],
  "rank": "NORMAL",
  "latitude": 37.4953666908089,
  "longitude": 127.03306536185,
  "_class": "com.ssafy.pickitup.domain.user.entity.UserMongo"
},
{
  "_id": 8,
  "keywords": [
    "Google Firebase",
    "Fastify",
    "AWSSES",
    "Typescript",
    "Cucumber"
  ],
  "rank": "NORMAL",
  "latitude": 37.5119564733933,
  "longitude": 127.088282780728,
  "_class": "com.ssafy.pickitup.domain.user.entity.UserMongo"
},
{
  "_id": 9,
  "keywords": [
    "Docker",
    "Packer",
    "ReactiveX",
    "Spring",
    "AWSCodeDeploy"
  ],
  "rank": "NORMAL",
  "latitude": 35.1727271517264,
  "longitude": 129.148399576019,
  "_class": "com.ssafy.pickitup.domain.user.entity.UserMongo"
},
{
  "_id": 10,
  "keywords": [
    "Jaeger",
    "AWSRedshift",
    "Bitbucket",
    "ReactJS",
    "NuxtJS"
  ],
  "rank": "NORMAL",
  "latitude": 35.865524314464,
  "longitude": 128.608976627949,
  "_class": "com.ssafy.pickitup.domain.user.entity.UserMongo"
},
{
  "_id": 11,
  "keywords": [
    "AWSCodeDeploy",
    "Kube-Bench",
    "CassandraDB",
    "Playwright",
    "Kudu"
  ],
  "rank": "NORMAL",
  "latitude": 36.3525471565863,
  "longitude": 127.385816196595,
  "_class": "com.ssafy.pickitup.domain.user.entity.UserMongo"
},
{
  "_id": 12,
  "keywords": [
    "Gitlab",
    "Falcon",
    "Swift",
    "CodeIgniter",
    "Traefik"
  ],
  "rank": "NORMAL",
  "latitude": 37.4493320894429,
  "longitude": 126.713525152911,
  "_class": "com.ssafy.pickitup.domain.user.entity.UserMongo"
},
{
  "_id": 13,
  "keywords": [
    "Koa",
    "Laravel",
    "Tuist",
    "Kotest",
    "CSharp"
  ],
  "rank": "NORMAL",
  "latitude": 35.2079706304136,
  "longitude": 126.901334455345,
  "_class": "com.ssafy.pickitup.domain.user.entity.UserMongo"
},
{
  "_id": 14,
  "keywords": [
    "Mobaxterm",
    "Web",
    "AWS AuroraDB",
    "ETC",
    "ELK"
  ],
  "rank": "NORMAL",
  "latitude": 35.5444169723408,
  "longitude": 129.331864527424,
  "_class": "com.ssafy.pickitup.domain.user.entity.UserMongo"
},
{
  "_id": 15,
  "keywords": [
    "HiberNate",
    "PHP",
    "EmberJS",
    "Go",
    "ReactNative"
  ],
  "rank": "NORMAL",
  "latitude": 36.5017561517529,
  "longitude": 127.256718541701,
  "_class": "com.ssafy.pickitup.domain.user.entity.UserMongo"
},
{
  "_id": 16,
  "keywords": [
    "StyledComponents",
    "QA",
    "Scala",
    "Bazel",
    "Enzyme"
  ],
  "rank": "NORMAL",
  "latitude": 37.268028255708,
  "longitude": 127.030169699689,
  "_class": "com.ssafy.pickitup.domain.user.entity.UserMongo"
},
{
  "_id": 17,
  "keywords": [
    "Android",
    "Echo",
    "Bootstrap",
    "SDLC/STLC",
    "Scala"
  ],
  "rank": "NORMAL",
  "latitude": 37.3279850450603,
  "longitude": 127.094949785208,
  "_class": "com.ssafy.pickitup.domain.user.entity.UserMongo"
},
{
  "_id": 18,
  "keywords": [
    "Metabase",
    "Google Firestore",
    "Snowflake",
    "Google BigQuery",
    "Ray"
  ],
  "rank": "NORMAL",
  "latitude": 37.6918173956873,
  "longitude": 126.780441473585,
  "_class": "com.ssafy.pickitup.domain.user.entity.UserMongo"
},
{
  "_id": 19,
  "keywords": [
    "Elixir",
    "MobX",
    "Flow",
    "Trino",
    "Rundeck"
  ],
  "rank": "NORMAL",
  "latitude": 37.361449216955,
  "longitude": 127.1115403336,
  "_class": "com.ssafy.pickitup.domain.user.entity.UserMongo"
},
{
  "_id": 20,
  "keywords": [
    "Greenplum",
    "Go CD",
    "Kafka",
    "Jenkins",
    "GraphQL"
  ],
  "rank": "NORMAL",
  "latitude": 37.40604574993,
  "longitude": 126.961457538379,
  "_class": "com.ssafy.pickitup.domain.user.entity.UserMongo"
},
{
  "_id": 21,
  "keywords": [
    "GoogleBigQuery",
    "Apollo",
    "Relay",
    "Unity",
    "Unix"
  ],
  "rank": "NORMAL",
  "latitude": 37.4945152063199,
  "longitude": 126.78847467442,
  "_class": "com.ssafy.pickitup.domain.user.entity.UserMongo"
},
{
  "_id": 22,
  "keywords": [
    "Google Firebase",
    "Drone",
    "Netty",
    "Karpenter",
    "Svelte"
  ],
  "rank": "NORMAL",
  "latitude": 37.4839506166478,
  "longitude": 126.756068319829,
  "_class": "com.ssafy.pickitup.domain.user.entity.UserMongo"
},
{
  "_id": 23,
  "keywords": [
    "Snowflake",
    "HBase",
    "Hazelcast",
    "Mocha",
    "SnapKit"
  ],
  "rank": "NORMAL",
  "latitude": 37.7263004861766,
  "longitude": 127.189886481276,
  "_class": "com.ssafy.pickitup.domain.user.entity.UserMongo"
},
{
  "_id": 24,
  "keywords": [
    "Neo4j",
    "Spinnaker",
    "Groovy",
    "Electron",
    "CockroachDB"
  ],
  "rank": "NORMAL",
  "latitude": 37.2891939602882,
  "longitude": 126.864590815243,
  "_class": "com.ssafy.pickitup.domain.user.entity.UserMongo"
},
{
  "_id": 25,
  "keywords": [
    "Asana",
    "Ngrinder",
    "Gatsby",
    "Liquibase",
    "Sanic"
  ],
  "rank": "NORMAL",
  "latitude": 37.3861273838989,
  "longitude": 126.915649986285,
  "_class": "com.ssafy.pickitup.domain.user.entity.UserMongo"
},
{
  "_id": 26,
  "keywords": [
    "Grafana",
    "Immer",
    "Falcon",
    "Angular",
    "Jest"
  ],
  "rank": "NORMAL",
  "latitude": 37.20652287427,
  "longitude": 127.071915895498,
  "_class": "com.ssafy.pickitup.domain.user.entity.UserMongo"
},
{
  "_id": 27,
  "keywords": [
    "NextJS",
    "TypeORM",
    "H2",
    "AWS MariaDB",
    "Capistrano"
  ],
  "rank": "NORMAL",
  "latitude": 36.9673389996314,
  "longitude": 126.921562935075,
  "_class": "com.ssafy.pickitup.domain.user.entity.UserMongo"
},
{
  "_id": 28,
  "keywords": [
    "RubyOnRails",
    "GoogleDataStudio",
    "ReactJS",
    "Looker",
    "AWSCodePipeline"
  ],
  "rank": "NORMAL",
  "latitude": 37.8552732879352,
  "longitude": 127.746663141751,
  "_class": "com.ssafy.pickitup.domain.user.entity.UserMongo"
},
{
  "_id": 29,
  "keywords": [
    "ReactiveX",
    "Lottie",
    "Ruby on Rails",
    "R",
    "Falcon"
  ],
  "rank": "NORMAL",
  "latitude": 37.3621506214657,
  "longitude": 127.840189486855,
  "_class": "com.ssafy.pickitup.domain.user.entity.UserMongo"
},
{
  "_id": 30,
  "keywords": [
    "Ceph",
    "ReScript",
    "MS-SQL",
    "Vault",
    "Fastify"
  ],
  "rank": "NORMAL",
  "latitude": 37.7280943167627,
  "longitude": 128.954226402687,
  "_class": "com.ssafy.pickitup.domain.user.entity.UserMongo"
},
{
  "_id": 31,
  "keywords": [
    "Slack",
    "Meteor",
    "Spring",
    "Superset",
    "Netty"
  ],
  "rank": "NORMAL",
  "latitude": 37.3420792035649,
  "longitude": 128.495781431646,
  "_class": "com.ssafy.pickitup.domain.user.entity.UserMongo"
},
{
  "_id": 32,
  "keywords": [
    "Electron",
    "TypeORM",
    "ArangoDB",
    "Docusaurus",
    "JUnit"
  ],
  "rank": "NORMAL",
  "latitude": 36.6350117738628,
  "longitude": 127.488923714754,
  "_class": "com.ssafy.pickitup.domain.user.entity.UserMongo"
},
{
  "_id": 33,
  "keywords": [
    "AWS MariaDB",
    "Tuist",
    "InfluxDB",
    "Meteor",
    "MySQL"
  ],
  "rank": "NORMAL",
  "latitude": 36.9181758309372,
  "longitude": 127.134382284168,
  "_class": "com.ssafy.pickitup.domain.user.entity.UserMongo"
},
{
  "_id": 34,
  "keywords": [
    "Kudu",
    "ElasticSearch",
    "Arcus",
    "Jest",
    "Ktor"
  ],
  "rank": "NORMAL",
  "latitude": 36.5021558319953,
  "longitude": 127.025302321401,
  "_class": "com.ssafy.pickitup.domain.user.entity.UserMongo"
},
{
  "_id": 35,
  "keywords": [
    "Drone",
    "Traefik",
    "TestingLibrary",
    "Android",
    "C"
  ],
  "rank": "NORMAL",
  "latitude": 36.0834966630648,
  "longitude": 129.401344794205,
  "_class": "com.ssafy.pickitup.domain.user.entity.UserMongo"
},
{
  "_id": 36,
  "keywords": [
    "Mobile",
    "NIFI",
    "Mobaxterm",
    "Arcus",
    "NuxtJS"
  ],
  "rank": "NORMAL",
  "latitude": 35.8281892566046,
  "longitude": 129.217351286348,
  "_class": "com.ssafy.pickitup.domain.user.entity.UserMongo"
},
{
  "_id": 37,
  "keywords": [
    "ReactQuery",
    "Redux",
    "Spring",
    "Jest",
    "QA"
  ],
  "rank": "NORMAL",
  "latitude": 36.5561890573722,
  "longitude": 128.506522707702,
  "_class": "com.ssafy.pickitup.domain.user.entity.UserMongo"
},
{
  "_id": 38,
  "keywords": [
    "Java",
    "Docker",
    "Ranger",
    "Grafana",
    "MSA"
  ],
  "rank": "NORMAL",
  "latitude": 35.2410366337311,
  "longitude": 128.690779818424,
  "_class": "com.ssafy.pickitup.domain.user.entity.UserMongo"
},
{
  "_id": 39,
  "keywords": [
    "ReactNative",
    "Hazelcast",
    "Mobile",
    "RocksDB",
    "HiberNate"
  ],
  "rank": "NORMAL",
  "latitude": 35.1800770345854,
  "longitude": 128.111814419354,
  "_class": "com.ssafy.pickitup.domain.user.entity.UserMongo"
},
{
  "_id": 40,
  "keywords": [
    "Svelte",
    "Redux",
    "Lua",
    "Javascript",
    "Rancher"
  ],
  "rank": "NORMAL",
  "latitude": 34.636359341936,
  "longitude": 128.263413838072,
  "_class": "com.ssafy.pickitup.domain.user.entity.UserMongo"
},
{
  "_id": 41,
  "keywords": [
    "Gitlab",
    "Hive",
    "GithubAction",
    "Javascript",
    "Postman"
  ],
  "rank": "NORMAL",
  "latitude": 35.80704255088,
  "longitude": 127.115628145167,
  "_class": "com.ssafy.pickitup.domain.user.entity.UserMongo"
},
{
  "_id": 42,
  "keywords": [
    "Superset",
    "Dart",
    "ReactNative",
    "Swift",
    "AzureDevOps"
  ],
  "rank": "NORMAL",
  "latitude": 34.8091167013334,
  "longitude": 126.386637884066,
  "_class": "com.ssafy.pickitup.domain.user.entity.UserMongo"
},
{
  "_id": 43,
  "keywords": [
    "MobX",
    "WebRTC",
    "Go CD",
    "Karma",
    "Linux"
  ],
  "rank": "NORMAL",
  "latitude": 34.7261573437192,
  "longitude": 127.711790735444,
  "_class": "com.ssafy.pickitup.domain.user.entity.UserMongo"
},
{
  "_id": 44,
  "keywords": [
    "Enzyme",
    "Mobile",
    "Relay",
    "Tableau",
    "WebPack"
  ],
  "rank": "NORMAL",
  "latitude": 34.9137220958045,
  "longitude": 127.537706930417,
  "_class": "com.ssafy.pickitup.domain.user.entity.UserMongo"
},
{
  "_id": 45,
  "keywords": [
    "OpenGL",
    "Echo",
    "Hugo",
    "Greenplum",
    "Looker"
  ],
  "rank": "NORMAL",
  "latitude": 34.9413564618825,
  "longitude": 127.692602226428,
  "_class": "com.ssafy.pickitup.domain.user.entity.UserMongo"
},
{
  "_id": 46,
  "keywords": [
    "Bazel",
    "Linkerd",
    "Lottie",
    "QA",
    "Fluentd"
  ],
  "rank": "NORMAL",
  "latitude": 33.4970469392194,
  "longitude": 126.535290947589,
  "_class": "com.ssafy.pickitup.domain.user.entity.UserMongo"
},
{
  "_id": 47,
  "keywords": [
    "Git",
    "HBase",
    "JPA",
    "Gatsby",
    "GraphQL"
  ],
  "rank": "NORMAL",
  "latitude": 33.2266707415341,
  "longitude": 126.251812381529,
  "_class": "com.ssafy.pickitup.domain.user.entity.UserMongo"
},
{
  "_id": 48,
  "keywords": [
    "AWSCodeBuild",
    "Go",
    "JMeter",
    "Elixir",
    "Postman"
  ],
  "rank": "NORMAL",
  "latitude": 36.4786266695468,
  "longitude": 127.290676321154,
  "_class": "com.ssafy.pickitup.domain.user.entity.UserMongo"
},
{
  "_id": 49,
  "keywords": [
    "Agit",
    "Rancher",
    "Saltstack",
    "Web",
    "NestJS"
  ],
  "rank": "NORMAL",
  "latitude": 36.6559328684459,
  "longitude": 127.264118976061,
  "_class": "com.ssafy.pickitup.domain.user.entity.UserMongo"
},
{
  "_id": 50,
  "keywords": [
    "Meteor",
    "AWS MariaDB",
    "ReactorKit",
    "Harbor",
    "Jaeger"
  ],
  "rank": "NORMAL",
  "latitude": 36.7223426518514,
  "longitude": 127.158295280854,
  "_class": "com.ssafy.pickitup.domain.user.entity.UserMongo"
},
{
  "_id": 51,
  "keywords": [
    "Asana",
    "Helm",
    "Android",
    "Tensorflow",
    "Postman"
  ],
  "rank": "NORMAL",
  "latitude": 36.5151654998968,
  "longitude": 127.261616917625,
  "_class": "com.ssafy.pickitup.domain.user.entity.UserMongo"
},
{
  "_id": 52,
  "keywords": [
    "AWS SNS",
    "C++",
    "Google Cloud Build",
    "AWSKinesis",
    "Python"
  ],
  "rank": "NORMAL",
  "latitude": 36.5430865816301,
  "longitude": 127.239397335324,
  "_class": "com.ssafy.pickitup.domain.user.entity.UserMongo"
},
{
  "_id": 53,
  "keywords": [
    "AWSCodePipeline",
    "Dart",
    "Unix",
    "Memcached",
    "Kotlin"
  ],
  "rank": "NORMAL",
  "latitude": 36.6045916457075,
  "longitude": 127.298444484667,
  "_class": "com.ssafy.pickitup.domain.user.entity.UserMongo"
},
{
  "_id": 54,
  "keywords": [
    "H2",
    "Nexus",
    "Scala",
    "Retrofit",
    "Gulp"
  ],
  "rank": "NORMAL",
  "latitude": 36.5297446571303,
  "longitude": 127.370923522244,
  "_class": "com.ssafy.pickitup.domain.user.entity.UserMongo"
},
{
  "_id": 55,
  "keywords": [
    "Armeria",
    "Celery",
    "AWS DocumentDB",
    "Web",
    "Redis"
  ],
  "rank": "NORMAL",
  "latitude": 36.4639083902344,
  "longitude": 127.280357292817,
  "_class": "com.ssafy.pickitup.domain.user.entity.UserMongo"
},
{
  "_id": 56,
  "keywords": [
    "Postman",
    "SnapKit",
    "Fastify",
    "JUnit",
    "Bitbucket"
  ],
  "rank": "NORMAL",
  "latitude": 36.4967113002573,
  "longitude": 127.205654457633,
  "_class": "com.ssafy.pickitup.domain.user.entity.UserMongo"
},
{
  "_id": 57,
  "keywords": [
    "Echo",
    "Notion",
    "Nexus",
    "Bootstrap",
    "ArangoDB"
  ],
  "rank": "NORMAL",
  "latitude": 36.5925410679434,
  "longitude": 127.27153314643,
  "_class": "com.ssafy.pickitup.domain.user.entity.UserMongo"
},
{
  "_id": 58,
  "keywords": [
    "Pandas",
    "Mobile",
    "CircleCI",
    "KakaoWork",
    "Jest"
  ],
  "rank": "NORMAL",
  "latitude": 36.6813970295603,
  "longitude": 127.196004270138,
  "_class": "com.ssafy.pickitup.domain.user.entity.UserMongo"
},
{
  "_id": 59,
  "keywords": [
    "Rust",
    "Mockito",
    "Styled-Components",
    "GoogleDataStudio",
    "Mobaxterm"
  ],
  "rank": "NORMAL",
  "latitude": 36.4840852051253,
  "longitude": 127.300409935756,
  "_class": "com.ssafy.pickitup.domain.user.entity.UserMongo"
},
{
  "_id": 60,
  "keywords": [
    "Perl",
    "Monday",
    "Sanic",
    "Celery",
    "GoogleFirebase"
  ],
  "rank": "NORMAL",
  "latitude": 36.4786266695468,
  "longitude": 127.290676321154,
  "_class": "com.ssafy.pickitup.domain.user.entity.UserMongo"
},
{
  "_id": 61,
  "keywords": [
    "Hugo",
    "InfluxDB",
    "Selenium",
    "ASPNET",
    "AWSCodeBuild"
  ],
  "rank": "NORMAL",
  "latitude": 36.5044372889982,
  "longitude": 127.246801762529,
  "_class": "com.ssafy.pickitup.domain.user.entity.UserMongo"
},
{
  "_id": 62,
  "keywords": [
    "Linux",
    "AWS AuroraDB",
    "Tuist",
    "jQuery",
    "SEO"
  ],
  "rank": "NORMAL",
  "latitude": 36.4793724963467,
  "longitude": 127.254528972726,
  "_class": "com.ssafy.pickitup.domain.user.entity.UserMongo"
},
{
  "_id": 63,
  "keywords": [
    "JUnit",
    "Armeria",
    "SpringBoot",
    "Prometheus",
    "Zipkin"
  ],
  "rank": "NORMAL",
  "latitude": 36.5151654998968,
  "longitude": 127.261616917625,
  "_class": "com.ssafy.pickitup.domain.user.entity.UserMongo"
},
{
  "_id": 64,
  "keywords": [
    "ReactQuery",
    "Jest",
    "Swift",
    "KakaoWork",
    "Greenplum"
  ],
  "rank": "NORMAL",
  "latitude": 36.4840852051253,
  "longitude": 127.300409935756,
  "_class": "com.ssafy.pickitup.domain.user.entity.UserMongo"
},
{
  "_id": 65,
  "keywords": [
    "GRPC",
    "Phoenix",
    "Kube-Bench",
    "Fastlane",
    "Rundeck"
  ],
  "rank": "NORMAL",
  "latitude": 36.5925410679434,
  "longitude": 127.27153314643,
  "_class": "com.ssafy.pickitup.domain.user.entity.UserMongo"
},
{
  "_id": 66,
  "keywords": [
    "Ranger",
    "Flow",
    "ELK",
    "Svelte",
    "Karpenter"
  ],
  "rank": "NORMAL",
  "latitude": 36.4840852051253,
  "longitude": 127.300409935756,
  "_class": "com.ssafy.pickitup.domain.user.entity.UserMongo"
},
{
  "_id": 67,
  "keywords": [
    "Vault",
    "NIFI",
    "Thrift",
    "Spark",
    "AWS MariaDB"
  ],
  "rank": "NORMAL",
  "latitude": 36.4840852051253,
  "longitude": 127.300409935756,
  "_class": "com.ssafy.pickitup.domain.user.entity.UserMongo"
},
{
  "_id": 68,
  "keywords": [
    "Microsoft-Teams",
    "ArgoCD",
    "Dropwizard",
    "MSA",
    "Hive"
  ],
  "rank": "NORMAL",
  "latitude": 36.4840852051253,
  "longitude": 127.300409935756,
  "_class": "com.ssafy.pickitup.domain.user.entity.UserMongo"
},
{
  "_id": 69,
  "keywords": [
    "GraphQL",
    "Apache",
    "Glide",
    "InfluxDB",
    "Notion"
  ],
  "rank": "NORMAL",
  "latitude": 36.4840852051253,
  "longitude": 127.300409935756,
  "_class": "com.ssafy.pickitup.domain.user.entity.UserMongo"
},
{
  "_id": 70,
  "keywords": [
    "MobX",
    "Slack",
    "AzureDevOps",
    "MLflow",
    "Bitbucket"
  ],
  "rank": "NORMAL",
  "latitude": 36.4840852051253,
  "longitude": 127.300409935756,
  "_class": "com.ssafy.pickitup.domain.user.entity.UserMongo"
},
{
  "_id": 71,
  "keywords": [
    "Web",
    "JMeter",
    "Hugo",
    "Looker",
    "Jasmine"
  ],
  "rank": "NORMAL",
  "latitude": 36.4840852051253,
  "longitude": 127.300409935756,
  "_class": "com.ssafy.pickitup.domain.user.entity.UserMongo"
},
{
  "_id": 72,
  "keywords": [
    "Cypress",
    "RIBs",
    "NodeJS",
    "Web",
    "Agit"
  ],
  "rank": "NORMAL",
  "latitude": 36.4840852051253,
  "longitude": 127.300409935756,
  "_class": "com.ssafy.pickitup.domain.user.entity.UserMongo"
},
{
  "_id": 73,
  "keywords": [
    "AWS DynamoDB",
    "Relay",
    "StyledComponents",
    "Flask",
    "Cypress"
  ],
  "rank": "NORMAL",
  "latitude": 37.496542166563,
  "longitude": 127.105729381413,
  "_class": "com.ssafy.pickitup.domain.user.entity.UserMongo"
},
{
  "_id": 74,
  "keywords": [
    "R",
    "TypeORM",
    "GoogleFirebase",
    "GithubAction",
    "Spring"
  ],
  "rank": "NORMAL",
  "latitude": 37.4953666908089,
  "longitude": 127.03306536185,
  "_class": "com.ssafy.pickitup.domain.user.entity.UserMongo"
},
{
  "_id": 75,
  "keywords": [
    "Bootstrap",
    "Kibana",
    "Go",
    "Storybook",
    "Spinnaker"
  ],
  "rank": "NORMAL",
  "latitude": 37.5292748071427,
  "longitude": 127.130026914568,
  "_class": "com.ssafy.pickitup.domain.user.entity.UserMongo"
},
{
  "_id": 76,
  "keywords": [
    "Retrofit",
    "Fasify",
    "Helm",
    "Flink",
    "Babel"
  ],
  "rank": "NORMAL",
  "latitude": 37.5110126423951,
  "longitude": 127.123923689605,
  "_class": "com.ssafy.pickitup.domain.user.entity.UserMongo"
},
{
  "_id": 77,
  "keywords": [
    "Fiber",
    "ELK",
    "NodeJS",
    "R",
    "Traefik"
  ],
  "rank": "NORMAL",
  "latitude": 37.5250293348774,
  "longitude": 127.049233039691,
  "_class": "com.ssafy.pickitup.domain.user.entity.UserMongo"
},
{
  "_id": 78,
  "keywords": [
    "GRPC",
    "Rust",
    "Envoy",
    "Javascript",
    "MyBatis"
  ],
  "rank": "NORMAL",
  "latitude": 37.4969242257406,
  "longitude": 127.143310298223,
  "_class": "com.ssafy.pickitup.domain.user.entity.UserMongo"
},
{
  "_id": 79,
  "keywords": [
    "MySQL",
    "Figma",
    "Kotest",
    "OracleDB",
    "Javascript"
  ],
  "rank": "NORMAL",
  "latitude": 37.5344859624471,
  "longitude": 127.142712345548,
  "_class": "com.ssafy.pickitup.domain.user.entity.UserMongo"
},
{
  "_id": 80,
  "keywords": [
    "Selenium",
    "Spark",
    "Objective-C",
    "Redash",
    "Harbor"
  ],
  "rank": "NORMAL",
  "latitude": 37.5126451506882,
  "longitude": 127.030154778539,
  "_class": "com.ssafy.pickitup.domain.user.entity.UserMongo"
},
{
  "_id": 81,
  "keywords": [
    "Pytorch",
    "Ruby",
    "Terraform",
    "NIFI",
    "Perl"
  ],
  "rank": "NORMAL",
  "latitude": 37.5119564733933,
  "longitude": 127.088282780728,
  "_class": "com.ssafy.pickitup.domain.user.entity.UserMongo"
},
{
  "_id": 82,
  "keywords": [
    "Hazelcast",
    "Zeppelin",
    "Hugo",
    "Spinnaker",
    "ReactQuery"
  ],
  "rank": "NORMAL",
  "latitude": 37.4785083981104,
  "longitude": 127.136582139995,
  "_class": "com.ssafy.pickitup.domain.user.entity.UserMongo"
},
{
  "_id": 83,
  "keywords": [
    "Electron",
    "Kubernetes",
    "Arcus",
    "AWSCodePipeline",
    "AWS MariaDB"
  ],
  "rank": "NORMAL",
  "latitude": 37.5239850298543,
  "longitude": 127.02277448907,
  "_class": "com.ssafy.pickitup.domain.user.entity.UserMongo"
},
{
  "_id": 84,
  "keywords": [
    "AWSCodePipeline",
    "Cypress",
    "Spring",
    "Hadoop",
    "PHP"
  ],
  "rank": "NORMAL",
  "latitude": 37.4785083981104,
  "longitude": 127.136582139995,
  "_class": "com.ssafy.pickitup.domain.user.entity.UserMongo"
},
{
  "_id": 85,
  "keywords": [
    "Dagger",
    "Flutter",
    "Metabase",
    "Storybook",
    "Packer"
  ],
  "rank": "NORMAL",
  "latitude": 37.4785083981104,
  "longitude": 127.136582139995,
  "_class": "com.ssafy.pickitup.domain.user.entity.UserMongo"
},
{
  "_id": 86,
  "keywords": [
    "RIBs",
    "Flutter",
    "Istio",
    "Jenkins",
    "Google Firebase"
  ],
  "rank": "NORMAL",
  "latitude": 37.5239850298543,
  "longitude": 127.02277448907,
  "_class": "com.ssafy.pickitup.domain.user.entity.UserMongo"
},
{
  "_id": 87,
  "keywords": [
    "ReactorKit",
    "Lottie",
    "CircleCI",
    "CircleCI",
    "Puppeteer"
  ],
  "rank": "NORMAL",
  "latitude": 37.5119564733933,
  "longitude": 127.088282780728,
  "_class": "com.ssafy.pickitup.domain.user.entity.UserMongo"
},
{
  "_id": 88,
  "keywords": [
    "ReactJS",
    "InfluxDB",
    "Redis",
    "Immer",
    "CircleCI"
  ],
  "rank": "NORMAL",
  "latitude": 37.4785083981104,
  "longitude": 127.136582139995,
  "_class": "com.ssafy.pickitup.domain.user.entity.UserMongo"
},
{
  "_id": 89,
  "keywords": [
    "Scala",
    "Ranger",
    "AWSAthena",
    "SDLC/STLC",
    "Jandi"
  ],
  "rank": "NORMAL",
  "latitude": 37.5250293348774,
  "longitude": 127.049233039691,
  "_class": "com.ssafy.pickitup.domain.user.entity.UserMongo"
},
{
  "_id": 90,
  "keywords": [
    "MongoDB",
    "RocksDB",
    "Jotai",
    "Ruby on Rails",
    "RubyOnRails"
  ],
  "rank": "NORMAL",
  "latitude": 37.5119564733933,
  "longitude": 127.088282780728,
  "_class": "com.ssafy.pickitup.domain.user.entity.UserMongo"
},
{
  "_id": 91,
  "keywords": [
    "Glide",
    "Echo",
    "Presto",
    "MLOps",
    "Swift"
  ],
  "rank": "NORMAL",
  "latitude": 37.542221863425,
  "longitude": 127.12866892591,
  "_class": "com.ssafy.pickitup.domain.user.entity.UserMongo"
},
{
  "_id": 92,
  "keywords": [
    "Jandi",
    "BackboneJS",
    "Bitrise",
    "Svelte",
    "Traefik"
  ],
  "rank": "NORMAL",
  "latitude": 37.5239850298543,
  "longitude": 127.02277448907,
  "_class": "com.ssafy.pickitup.domain.user.entity.UserMongo"
},
{
  "_id": 93,
  "keywords": [
    "Jest",
    "Terraform",
    "Dooray",
    "Mockito",
    "Tuist"
  ],
  "rank": "NORMAL",
  "latitude": 37.5119564733933,
  "longitude": 127.088282780728,
  "_class": "com.ssafy.pickitup.domain.user.entity.UserMongo"
},
{
  "_id": 94,
  "keywords": [
    "Postman",
    "Ceph",
    "ReactNative",
    "AWSCodeBuild",
    "CORS"
  ],
  "rank": "NORMAL",
  "latitude": 37.5292748071427,
  "longitude": 127.130026914568,
  "_class": "com.ssafy.pickitup.domain.user.entity.UserMongo"
},
{
  "_id": 95,
  "keywords": [
    "CassandraDB",
    "Dart",
    "Bazel",
    "Dropwizard",
    "PostgreSQL"
  ],
  "rank": "NORMAL",
  "latitude": 37.4953666908089,
  "longitude": 127.03306536185,
  "_class": "com.ssafy.pickitup.domain.user.entity.UserMongo"
},
{
  "_id": 96,
  "keywords": [
    "Dart",
    "StyledComponents",
    "Harbor",
    "Ngrinder",
    "Rest-Assured"
  ],
  "rank": "NORMAL",
  "latitude": 37.5250293348774,
  "longitude": 127.049233039691,
  "_class": "com.ssafy.pickitup.domain.user.entity.UserMongo"
},
{
  "_id": 97,
  "keywords": [
    "Zipkin",
    "Tensorflow",
    "PostgreSQL",
    "Rust",
    "Angular"
  ],
  "rank": "NORMAL",
  "latitude": 37.5292748071427,
  "longitude": 127.130026914568,
  "_class": "com.ssafy.pickitup.domain.user.entity.UserMongo"
},
{
  "_id": 98,
  "keywords": [
    "GoogleFirebase",
    "Tailwind",
    "Kotest",
    "Mocha",
    "NextJS"
  ],
  "rank": "NORMAL",
  "latitude": 37.4785083981104,
  "longitude": 127.136582139995,
  "_class": "com.ssafy.pickitup.domain.user.entity.UserMongo"
},
{
  "_id": 99,
  "keywords": [
    "Solr",
    "AWS SNS",
    "Mockito",
    "Mocha",
    "Rundeck"
  ],
  "rank": "NORMAL",
  "latitude": 37.5239850298543,
  "longitude": 127.02277448907,
  "_class": "com.ssafy.pickitup.domain.user.entity.UserMongo"
},
{
  "_id": 100,
  "keywords": [
    "RabbitQ",
    "Celery",
    "Jasmine",
    "Linux",
    "Packer"
  ],
  "rank": "NORMAL",
  "latitude": 37.4953666908089,
  "longitude": 127.03306536185,
  "_class": "com.ssafy.pickitup.domain.user.entity.UserMongo"
},
{
  "_id": 101,
  "keywords": [
    "React Native",
    "Vuex",
    "Trino",
    "Playwright",
    "AWS DocumentDB"
  ],
  "rank": "NORMAL",
  "latitude": 37.5051446767402,
  "longitude": 127.013359062646,
  "_class": "com.ssafy.pickitup.domain.user.entity.UserMongo"
},
{
  "_id": 102,
  "keywords": [
    "Jotai",
    "StyledComponents",
    "HiberNate",
    "AWS MariaDB",
    "Electron"
  ],
  "rank": "NORMAL",
  "latitude": 37.2576307301334,
  "longitude": 126.971872538584,
  "_class": "com.ssafy.pickitup.domain.user.entity.UserMongo"
},
{
  "_id": 103,
  "keywords": [
    "Perl",
    "OpenEBS",
    "Relay",
    "Vuex",
    "ReactNative"
  ],
  "rank": "NORMAL",
  "latitude": 37.4909537197218,
  "longitude": 127.038482017226,
  "_class": "com.ssafy.pickitup.domain.user.entity.UserMongo"
},
{
  "_id": 104,
  "keywords": [
    "Liquibase",
    "AWSKinesis",
    "Greenplum",
    "Moya",
    "Perl"
  ],
  "rank": "NORMAL",
  "latitude": 37.5430061454347,
  "longitude": 126.973322683547,
  "_class": "com.ssafy.pickitup.domain.user.entity.UserMongo"
},
{
  "_id": 105,
  "keywords": [
    "Linkerd",
    "JDBC",
    "Ray",
    "AzureDevOps",
    "AWSKinesis"
  ],
  "rank": "NORMAL",
  "latitude": 37.4900861966504,
  "longitude": 127.01953478052,
  "_class": "com.ssafy.pickitup.domain.user.entity.UserMongo"
},
{
  "_id": 106,
  "keywords": [
    "Jira",
    "Objective-C",
    "Travis CI",
    "KakaoWork",
    "NIFI"
  ],
  "rank": "NORMAL",
  "latitude": 37.4493320894429,
  "longitude": 126.713525152911,
  "_class": "com.ssafy.pickitup.domain.user.entity.UserMongo"
},
{
  "_id": 107,
  "keywords": [
    "TypeORM",
    "ElasticSearch",
    "Ranger",
    "MLflow",
    "Ruby"
  ],
  "rank": "NORMAL",
  "latitude": 37.5141954312251,
  "longitude": 126.972097769518,
  "_class": "com.ssafy.pickitup.domain.user.entity.UserMongo"
},
{
  "_id": 108,
  "keywords": [
    "Laravel",
    "Locust",
    "GithubAction",
    "Clojure",
    "Jaeger"
  ],
  "rank": "NORMAL",
  "latitude": 37.5250293348774,
  "longitude": 127.049233039691,
  "_class": "com.ssafy.pickitup.domain.user.entity.UserMongo"
},
{
  "_id": 109,
  "keywords": [
    "Rancher",
    "Alamofire",
    "Envoy",
    "Flink",
    "Ranger"
  ],
  "rank": "NORMAL",
  "latitude": 37.4889408638872,
  "longitude": 126.641120648772,
  "_class": "com.ssafy.pickitup.domain.user.entity.UserMongo"
},
{
  "_id": 110,
  "keywords": [
    "GithubAction",
    "Pytorch",
    "RabbitQ",
    "ASPNET",
    "Dagger"
  ],
  "rank": "NORMAL",
  "latitude": 37.4848429355418,
  "longitude": 126.736902911522,
  "_class": "com.ssafy.pickitup.domain.user.entity.UserMongo"
},
{
  "_id": 111,
  "keywords": [
    "Mockito",
    "Dagger",
    "R",
    "Elixir",
    "Nexus"
  ],
  "rank": "NORMAL",
  "latitude": 37.5051446767402,
  "longitude": 127.013359062646,
  "_class": "com.ssafy.pickitup.domain.user.entity.UserMongo"
},
{
  "_id": 112,
  "keywords": [
    "Tensorflow",
    "Zustand",
    "Harbor",
    "Laravel",
    "Mockito"
  ],
  "rank": "NORMAL",
  "latitude": 37.5141954312251,
  "longitude": 126.972097769518,
  "_class": "com.ssafy.pickitup.domain.user.entity.UserMongo"
},
{
  "_id": 113,
  "keywords": [
    "Asana",
    "Spring",
    "MyBatis",
    "Vault",
    "ELK"
  ],
  "rank": "NORMAL",
  "latitude": 37.5516618139959,
  "longitude": 126.911756414276,
  "_class": "com.ssafy.pickitup.domain.user.entity.UserMongo"
},
{
  "_id": 114,
  "keywords": [
    "Mockito",
    "Celery",
    "Enzyme",
    "Sonarqube",
    "CockroachDB"
  ],
  "rank": "NORMAL",
  "latitude": 37.5149186880221,
  "longitude": 127.014102820234,
  "_class": "com.ssafy.pickitup.domain.user.entity.UserMongo"
},
{
  "_id": 115,
  "keywords": [
    "CircleCI",
    "Istio",
    "Linux",
    "Fiber",
    "Rest-Assured"
  ],
  "rank": "NORMAL",
  "latitude": 37.5239850298543,
  "longitude": 127.02277448907,
  "_class": "com.ssafy.pickitup.domain.user.entity.UserMongo"
},
{
  "_id": 116,
  "keywords": [
    "CORS",
    "Koa",
    "Ray",
    "Thrift",
    "OAuth"
  ],
  "rank": "NORMAL",
  "latitude": 37.5550949138085,
  "longitude": 126.914613374473,
  "_class": "com.ssafy.pickitup.domain.user.entity.UserMongo"
},
{
  "_id": 117,
  "keywords": [
    "Kubernetes",
    "Kibana",
    "Bitrise",
    "Jira",
    "Kotlin"
  ],
  "rank": "NORMAL",
  "latitude": 37.4900861966504,
  "longitude": 127.01953478052,
  "_class": "com.ssafy.pickitup.domain.user.entity.UserMongo"
},
{
  "_id": 118,
  "keywords": [
    "Puppeteer",
    "Looker",
    "Web",
    "Trino",
    "Saltstack"
  ],
  "rank": "NORMAL",
  "latitude": 37.3039218321457,
  "longitude": 127.010273399584,
  "_class": "com.ssafy.pickitup.domain.user.entity.UserMongo"
},
{
  "_id": 119,
  "keywords": [
    "Harbor",
    "Immer",
    "Gulp",
    "StyledComponents",
    "ReactNative"
  ],
  "rank": "NORMAL",
  "latitude": 37.5430061454347,
  "longitude": 126.973322683547,
  "_class": "com.ssafy.pickitup.domain.user.entity.UserMongo"
},
{
  "_id": 120,
  "keywords": [
    "MS-SQL",
    "AzureDevOps",
    "Harbor",
    "Swagger",
    "Mobile"
  ],
  "rank": "NORMAL",
  "latitude": 37.5567856576915,
  "longitude": 126.901347294861,
  "_class": "com.ssafy.pickitup.domain.user.entity.UserMongo"
},
{
  "_id": 121,
  "keywords": [
    "Jasmine",
    "Typescript",
    "Docusaurus",
    "Telegram",
    "Java"
  ],
  "rank": "NORMAL",
  "latitude": 37.5486798277288,
  "longitude": 126.978150463736,
  "_class": "com.ssafy.pickitup.domain.user.entity.UserMongo"
},
{
  "_id": 122,
  "keywords": [
    "Electron",
    "Fastify",
    "MS-SQL",
    "Koa",
    "Dooray"
  ],
  "rank": "NORMAL",
  "latitude": 37.5567856576915,
  "longitude": 126.901347294861,
  "_class": "com.ssafy.pickitup.domain.user.entity.UserMongo"
},
{
  "_id": 123,
  "keywords": [
    "Kubeflow",
    "Trello",
    "MLOps",
    "ReactQuery",
    "CSharp"
  ],
  "rank": "NORMAL",
  "latitude": 37.4493320894429,
  "longitude": 126.713525152911,
  "_class": "com.ssafy.pickitup.domain.user.entity.UserMongo"
},
{
  "_id": 124,
  "keywords": [
    "Javascript",
    "Pandas",
    "Airflow",
    "OracleDB",
    "AzureDevOps"
  ],
  "rank": "NORMAL",
  "latitude": 37.3039218321457,
  "longitude": 127.010273399584,
  "_class": "com.ssafy.pickitup.domain.user.entity.UserMongo"
},
{
  "_id": 125,
  "keywords": [
    "Docusaurus",
    "Google Cloud Build",
    "Confluence",
    "Realm",
    "Kakaotalk"
  ],
  "rank": "NORMAL",
  "latitude": 37.5567856576915,
  "longitude": 126.901347294861,
  "_class": "com.ssafy.pickitup.domain.user.entity.UserMongo"
},
{
  "_id": 126,
  "keywords": [
    "Perl",
    "Web",
    "Memcached",
    "Javascript",
    "Fluentd"
  ],
  "rank": "NORMAL",
  "latitude": 37.5516618139959,
  "longitude": 126.911756414276,
  "_class": "com.ssafy.pickitup.domain.user.entity.UserMongo"
},
{
  "_id": 127,
  "keywords": [
    "Pytorch",
    "Docker",
    "Angular",
    "Glide",
    "Zipkin"
  ],
  "rank": "NORMAL",
  "latitude": 37.4900861966504,
  "longitude": 127.01953478052,
  "_class": "com.ssafy.pickitup.domain.user.entity.UserMongo"
},
{
  "_id": 128,
  "keywords": [
    "Alamofire",
    "Tableau",
    "Falcon",
    "Zeppelin",
    "React Context"
  ],
  "rank": "NORMAL",
  "latitude": 37.5430061454347,
  "longitude": 126.973322683547,
  "_class": "com.ssafy.pickitup.domain.user.entity.UserMongo"
},
{
  "_id": 129,
  "keywords": [
    "Metabase",
    "Electron",
    "Ceph",
    "Drone",
    "Capistrano"
  ],
  "rank": "NORMAL",
  "latitude": 37.4720040276214,
  "longitude": 127.037463917199,
  "_class": "com.ssafy.pickitup.domain.user.entity.UserMongo"
},
{
  "_id": 130,
  "keywords": [
    "Vault",
    "Jest",
    "Swift",
    "jQuery",
    "ExoPlayer"
  ],
  "rank": "NORMAL",
  "latitude": 37.5486798277288,
  "longitude": 126.978150463736,
  "_class": "com.ssafy.pickitup.domain.user.entity.UserMongo"
},
{
  "_id": 131,
  "keywords": [
    "Testing Library",
    "React Native",
    "Confluence",
    "Fastlane",
    "Cypress"
  ],
  "rank": "NORMAL",
  "latitude": 37.4909537197218,
  "longitude": 127.038482017226,
  "_class": "com.ssafy.pickitup.domain.user.entity.UserMongo"
},
{
  "_id": 132,
  "keywords": [
    "ExoPlayer",
    "Kube-Bench",
    "Saltstack",
    "Presto",
    "Phoenix"
  ],
  "rank": "NORMAL",
  "latitude": 37.4328373664367,
  "longitude": 126.750535160559,
  "_class": "com.ssafy.pickitup.domain.user.entity.UserMongo"
},
{
  "_id": 133,
  "keywords": [
    "MLflow",
    "Storybook",
    "Agit",
    "MyBatis",
    "Docker"
  ],
  "rank": "NORMAL",
  "latitude": 37.53462985578,
  "longitude": 127.000552132438,
  "_class": "com.ssafy.pickitup.domain.user.entity.UserMongo"
},
{
  "_id": 134,
  "keywords": [
    "Redis",
    "Immer",
    "Harbor",
    "VueJs",
    "Objective-C"
  ],
  "rank": "NORMAL",
  "latitude": 37.2596035812973,
  "longitude": 127.04662480454,
  "_class": "com.ssafy.pickitup.domain.user.entity.UserMongo"
},
{
  "_id": 135,
  "keywords": [
    "Slack",
    "ExoPlayer",
    "Kubeflow",
    "OracleDB",
    "Retrofit"
  ],
  "rank": "NORMAL",
  "latitude": 37.4889408638872,
  "longitude": 126.641120648772,
  "_class": "com.ssafy.pickitup.domain.user.entity.UserMongo"
},
{
  "_id": 136,
  "keywords": [
    "Dooray",
    "Grafana",
    "Google Firestore",
    "AWS SQS",
    "Espresso"
  ],
  "rank": "NORMAL",
  "latitude": 37.5250293348774,
  "longitude": 127.049233039691,
  "_class": "com.ssafy.pickitup.domain.user.entity.UserMongo"
},
{
  "_id": 137,
  "keywords": [
    "AWS SQS",
    "Memcached",
    "Metabase",
    "AWSCodePipeline",
    "Web"
  ],
  "rank": "NORMAL",
  "latitude": 37.4889408638872,
  "longitude": 126.641120648772,
  "_class": "com.ssafy.pickitup.domain.user.entity.UserMongo"
},
{
  "_id": 138,
  "keywords": [
    "H2",
    "Asana",
    "Agit",
    "Sanic",
    "FastAPI"
  ],
  "rank": "NORMAL",
  "latitude": 37.53462985578,
  "longitude": 127.000552132438,
  "_class": "com.ssafy.pickitup.domain.user.entity.UserMongo"
},
{
  "_id": 139,
  "keywords": [
    "Kotlin",
    "CORS",
    "React Context",
    "H2",
    "Mobaxterm"
  ],
  "rank": "NORMAL",
  "latitude": 37.5239850298543,
  "longitude": 127.02277448907,
  "_class": "com.ssafy.pickitup.domain.user.entity.UserMongo"
},
{
  "_id": 140,
  "keywords": [
    "Thrift",
    "Jenkins",
    "Objective-C",
    "Typescript",
    "Testing Library"
  ],
  "rank": "NORMAL",
  "latitude": 37.2576307301334,
  "longitude": 126.971872538584,
  "_class": "com.ssafy.pickitup.domain.user.entity.UserMongo"
},
{
  "_id": 141,
  "keywords": [
    "Linkerd",
    "Unix",
    "Dropwizard",
    "ReactJS",
    "Asana"
  ],
  "rank": "NORMAL",
  "latitude": 37.4493320894429,
  "longitude": 126.713525152911,
  "_class": "com.ssafy.pickitup.domain.user.entity.UserMongo"
},
{
  "_id": 142,
  "keywords": [
    "Gitlab",
    "Bitbucket",
    "MS-SQL",
    "Styled-Components",
    "Tensorflow"
  ],
  "rank": "NORMAL",
  "latitude": 37.4910355141783,
  "longitude": 126.723090470976,
  "_class": "com.ssafy.pickitup.domain.user.entity.UserMongo"
},
{
  "_id": 143,
  "keywords": [
    "Armeria",
    "JSP",
    "Swagger",
    "Google BigQuery",
    "Mobaxterm"
  ],
  "rank": "NORMAL",
  "latitude": 37.5239850298543,
  "longitude": 127.02277448907,
  "_class": "com.ssafy.pickitup.domain.user.entity.UserMongo"
},
{
  "_id": 144,
  "keywords": [
    "Dart",
    "Locust",
    "MLOps",
    "Flow",
    "OpenEBS"
  ],
  "rank": "NORMAL",
  "latitude": 37.4953666908089,
  "longitude": 127.03306536185,
  "_class": "com.ssafy.pickitup.domain.user.entity.UserMongo"
},
{
  "_id": 145,
  "keywords": [
    "Presto",
    "Angular",
    "Kubernetes",
    "Groovy",
    "Hive"
  ],
  "rank": "NORMAL",
  "latitude": 37.53462985578,
  "longitude": 127.000552132438,
  "_class": "com.ssafy.pickitup.domain.user.entity.UserMongo"
},
{
  "_id": 146,
  "keywords": [
    "Sonarqube",
    "AWS MariaDB",
    "SpringBoot",
    "Lottie",
    "Harbor"
  ],
  "rank": "NORMAL",
  "latitude": 37.4224482590648,
  "longitude": 126.701385903384,
  "_class": "com.ssafy.pickitup.domain.user.entity.UserMongo"
},
{
  "_id": 147,
  "keywords": [
    "Kudu",
    "Ktor",
    "AWS AuroraDB",
    "Hadoop",
    "ReScript"
  ],
  "rank": "NORMAL",
  "latitude": 37.5250293348774,
  "longitude": 127.049233039691,
  "_class": "com.ssafy.pickitup.domain.user.entity.UserMongo"
},
{
  "_id": 148,
  "keywords": [
    "Falcon",
    "Android",
    "Clojure",
    "Docker",
    "SpringBoot"
  ],
  "rank": "NORMAL",
  "latitude": 37.4096123478585,
  "longitude": 126.670826553603,
  "_class": "com.ssafy.pickitup.domain.user.entity.UserMongo"
},
{
  "_id": 149,
  "keywords": [
    "Hazelcast",
    "Python",
    "Ruby on Rails",
    "Couchbase",
    "WebRTC"
  ],
  "rank": "NORMAL",
  "latitude": 37.2576307301334,
  "longitude": 126.971872538584,
  "_class": "com.ssafy.pickitup.domain.user.entity.UserMongo"
},
{
  "_id": 150,
  "keywords": [
    "RubyOnRails",
    "AWSCodePipeline",
    "Selenium",
    "Angular",
    "Web"
  ],
  "rank": "NORMAL",
  "latitude": 37.4328373664367,
  "longitude": 126.750535160559,
  "_class": "com.ssafy.pickitup.domain.user.entity.UserMongo"
},
{
  "_id": 151,
  "keywords": [
    "Jaeger",
    "ExoPlayer",
    "Objective-C",
    "Lottie",
    "Emotion"
  ],
  "rank": "NORMAL",
  "latitude": 37.5250293348774,
  "longitude": 127.049233039691,
  "_class": "com.ssafy.pickitup.domain.user.entity.UserMongo"
},
{
  "_id": 152,
  "keywords": [
    "Moya",
    "Locust",
    "Jest",
    "SEO",
    "Ray"
  ],
  "rank": "NORMAL",
  "latitude": 37.5567856576915,
  "longitude": 126.901347294861,
  "_class": "com.ssafy.pickitup.domain.user.entity.UserMongo"
},
{
  "_id": 153,
  "keywords": [
    "Meteor",
    "Javascript",
    "Fluentd",
    "Tuist",
    "Presto"
  ],
  "rank": "NORMAL",
  "latitude": 37.42221249729,
  "longitude": 126.681481155615,
  "_class": "com.ssafy.pickitup.domain.user.entity.UserMongo"
},
{
  "_id": 154,
  "keywords": [
    "Pandas",
    "GoogleDataStudio",
    "Unity",
    "GithubAction",
    "Hugo"
  ],
  "rank": "NORMAL",
  "latitude": 37.514322572329,
  "longitude": 127.062831022499,
  "_class": "com.ssafy.pickitup.domain.user.entity.UserMongo"
},
{
  "_id": 155,
  "keywords": [
    "Redis",
    "Jandi",
    "Asana",
    "Istio",
    "AWS MariaDB"
  ],
  "rank": "NORMAL",
  "latitude": 37.4720040276214,
  "longitude": 127.037463917199,
  "_class": "com.ssafy.pickitup.domain.user.entity.UserMongo"
},
{
  "_id": 156,
  "keywords": [
    "Terraform",
    "Terraform",
    "Luigi",
    "Karpenter",
    "CircleCI"
  ],
  "rank": "NORMAL",
  "latitude": 37.4488855477954,
  "longitude": 126.732119636521,
  "_class": "com.ssafy.pickitup.domain.user.entity.UserMongo"
},
{
  "_id": 157,
  "keywords": [
    "R",
    "Emotion",
    "Rest-Assured",
    "CodeIgniter",
    "Superset"
  ],
  "rank": "NORMAL",
  "latitude": 37.5149186880221,
  "longitude": 127.014102820234,
  "_class": "com.ssafy.pickitup.domain.user.entity.UserMongo"
},
{
  "_id": 158,
  "keywords": [
    "Go",
    "Emotion",
    "TestingLibrary",
    "Redux",
    "Thrift"
  ],
  "rank": "NORMAL",
  "latitude": 37.5250293348774,
  "longitude": 127.049233039691,
  "_class": "com.ssafy.pickitup.domain.user.entity.UserMongo"
},
{
  "_id": 159,
  "keywords": [
    "CockroachDB",
    "Kotlin",
    "Ray",
    "Clojure",
    "RocksDB"
  ],
  "rank": "NORMAL",
  "latitude": 37.42221249729,
  "longitude": 126.681481155615,
  "_class": "com.ssafy.pickitup.domain.user.entity.UserMongo"
},
{
  "_id": 160,
  "keywords": [
    "OpenEBS",
    "AWS SNS",
    "GraphQL",
    "OpenEBS",
    "Python"
  ],
  "rank": "NORMAL",
  "latitude": 37.5567856576915,
  "longitude": 126.901347294861,
  "_class": "com.ssafy.pickitup.domain.user.entity.UserMongo"
},
{
  "_id": 161,
  "keywords": [
    "Selenium",
    "Hadoop",
    "VueJs",
    "Cypress",
    "ASPNET"
  ],
  "rank": "NORMAL",
  "latitude": 37.514322572329,
  "longitude": 127.062831022499,
  "_class": "com.ssafy.pickitup.domain.user.entity.UserMongo"
},
{
  "_id": 162,
  "keywords": [
    "Istio",
    "Clickhouse",
    "Enzyme",
    "AWSCodePipeline",
    "Laravel"
  ],
  "rank": "NORMAL",
  "latitude": 37.5454308035402,
  "longitude": 126.969863704612,
  "_class": "com.ssafy.pickitup.domain.user.entity.UserMongo"
},
{
  "_id": 163,
  "keywords": [
    "Google Data Studio",
    "Neo4j",
    "ASPNET",
    "Ray",
    "OpenGL"
  ],
  "rank": "NORMAL",
  "latitude": 37.4889408638872,
  "longitude": 126.641120648772,
  "_class": "com.ssafy.pickitup.domain.user.entity.UserMongo"
},
{
  "_id": 164,
  "keywords": [
    "Elixir",
    "InfluxDB",
    "JDBC",
    "Android",
    "Looker"
  ],
  "rank": "NORMAL",
  "latitude": 37.4488855477954,
  "longitude": 126.732119636521,
  "_class": "com.ssafy.pickitup.domain.user.entity.UserMongo"
},
{
  "_id": 165,
  "keywords": [
    "Storybook",
    "Capistrano",
    "Appium",
    "Google Data Studio",
    "Trello"
  ],
  "rank": "NORMAL",
  "latitude": 37.4900861966504,
  "longitude": 127.01953478052,
  "_class": "com.ssafy.pickitup.domain.user.entity.UserMongo"
},
{
  "_id": 166,
  "keywords": [
    "Notion",
    "Presto",
    "Unity",
    "Nexus",
    "Postman"
  ],
  "rank": "NORMAL",
  "latitude": 37.5149186880221,
  "longitude": 127.014102820234,
  "_class": "com.ssafy.pickitup.domain.user.entity.UserMongo"
},
{
  "_id": 167,
  "keywords": [
    "Redux",
    "Mobaxterm",
    "Luigi",
    "AWS DynamoDB",
    "Pytorch"
  ],
  "rank": "NORMAL",
  "latitude": 37.42221249729,
  "longitude": 126.681481155615,
  "_class": "com.ssafy.pickitup.domain.user.entity.UserMongo"
},
{
  "_id": 168,
  "keywords": [
    "Kotest",
    "Typescript",
    "Karpenter",
    "Ktor",
    "Bazel"
  ],
  "rank": "NORMAL",
  "latitude": 37.4493320894429,
  "longitude": 126.713525152911,
  "_class": "com.ssafy.pickitup.domain.user.entity.UserMongo"
},
{
  "_id": 169,
  "keywords": [
    "AzureDevOps",
    "Babel",
    "Terraform",
    "Kubeflow",
    "Cubrid"
  ],
  "rank": "NORMAL",
  "latitude": 37.5516618139959,
  "longitude": 126.911756414276,
  "_class": "com.ssafy.pickitup.domain.user.entity.UserMongo"
},
{
  "_id": 170,
  "keywords": [
    "Rest-Assured",
    "JSP",
    "Kotlin",
    "MS-SQL",
    "Zustand"
  ],
  "rank": "NORMAL",
  "latitude": 37.2576307301334,
  "longitude": 126.971872538584,
  "_class": "com.ssafy.pickitup.domain.user.entity.UserMongo"
},
{
  "_id": 171,
  "keywords": [
    "Scala",
    "Phoenix",
    "Fasify",
    "AWS SQS",
    "Java"
  ],
  "rank": "NORMAL",
  "latitude": 37.3910698289609,
  "longitude": 126.652089783488,
  "_class": "com.ssafy.pickitup.domain.user.entity.UserMongo"
},
{
  "_id": 172,
  "keywords": [
    "Gitlab",
    "Telegram",
    "Elixir",
    "WebRTC",
    "OpenGL"
  ],
  "rank": "NORMAL",
  "latitude": 37.5141954312251,
  "longitude": 126.972097769518,
  "_class": "com.ssafy.pickitup.domain.user.entity.UserMongo"
},
{
  "_id": 173,
  "keywords": [
    "PHP",
    "Liquibase",
    "Moya",
    "Linkerd",
    "ArgoCD"
  ],
  "rank": "NORMAL",
  "latitude": 37.5783209050878,
  "longitude": 126.894689433213,
  "_class": "com.ssafy.pickitup.domain.user.entity.UserMongo"
},
{
  "_id": 174,
  "keywords": [
    "Google Cloud Build",
    "Laravel",
    "Ranger",
    "Rancher",
    "KakaoWork"
  ],
  "rank": "NORMAL",
  "latitude": 37.4720040276214,
  "longitude": 127.037463917199,
  "_class": "com.ssafy.pickitup.domain.user.entity.UserMongo"
},
{
  "_id": 175,
  "keywords": [
    "OpenGL",
    "Kibana",
    "GoogleDataStudio",
    "Flow",
    "GoogleFirebase"
  ],
  "rank": "NORMAL",
  "latitude": 37.4514021746601,
  "longitude": 126.648591852703,
  "_class": "com.ssafy.pickitup.domain.user.entity.UserMongo"
},
{
  "_id": 176,
  "keywords": [
    "Kubernetes",
    "Storybook",
    "Zeppelin",
    "Android",
    "Nexus"
  ],
  "rank": "NORMAL",
  "latitude": 37.4514021746601,
  "longitude": 126.648591852703,
  "_class": "com.ssafy.pickitup.domain.user.entity.UserMongo"
},
{
  "_id": 177,
  "keywords": [
    "Dropwizard",
    "KakaoWork",
    "Slack",
    "TestingLibrary",
    "Central Dogma"
  ],
  "rank": "NORMAL",
  "latitude": 37.3039218321457,
  "longitude": 127.010273399584,
  "_class": "com.ssafy.pickitup.domain.user.entity.UserMongo"
},
{
  "_id": 178,
  "keywords": [
    "Kubernetes",
    "Gin",
    "Slack",
    "Angular",
    "AWS SQS"
  ],
  "rank": "NORMAL",
  "latitude": 37.4096123478585,
  "longitude": 126.670826553603,
  "_class": "com.ssafy.pickitup.domain.user.entity.UserMongo"
},
{
  "_id": 179,
  "keywords": [
    "JUnit",
    "Impala",
    "Flask",
    "Greenplum",
    "SEO"
  ],
  "rank": "NORMAL",
  "latitude": 37.4328373664367,
  "longitude": 126.750535160559,
  "_class": "com.ssafy.pickitup.domain.user.entity.UserMongo"
},
{
  "_id": 180,
  "keywords": [
    "Fiber",
    "AWSCodePipeline",
    "OpenGL",
    "Kubeflow",
    "Istio"
  ],
  "rank": "NORMAL",
  "latitude": 37.4909537197218,
  "longitude": 127.038482017226,
  "_class": "com.ssafy.pickitup.domain.user.entity.UserMongo"
},
{
  "_id": 181,
  "keywords": [
    "Typescript",
    "Monday",
    "Lua",
    "Microsoft-Teams",
    "OAuth"
  ],
  "rank": "NORMAL",
  "latitude": 37.3039218321457,
  "longitude": 127.010273399584,
  "_class": "com.ssafy.pickitup.domain.user.entity.UserMongo"
},
{
  "_id": 182,
  "keywords": [
    "OpenEBS",
    "JMeter",
    "MobX",
    "Grafana",
    "WebRTC"
  ],
  "rank": "NORMAL",
  "latitude": 37.5498936438387,
  "longitude": 126.943403941965,
  "_class": "com.ssafy.pickitup.domain.user.entity.UserMongo"
},
{
  "_id": 183,
  "keywords": [
    "NextJS",
    "Kudu",
    "Figma",
    "SASS",
    "InfluxDB"
  ],
  "rank": "NORMAL",
  "latitude": 37.5430061454347,
  "longitude": 126.973322683547,
  "_class": "com.ssafy.pickitup.domain.user.entity.UserMongo"
},
{
  "_id": 184,
  "keywords": [
    "Locust",
    "Kudu",
    "ArangoDB",
    "Celery",
    "Bootstrap"
  ],
  "rank": "NORMAL",
  "latitude": 37.3039218321457,
  "longitude": 127.010273399584,
  "_class": "com.ssafy.pickitup.domain.user.entity.UserMongo"
},
{
  "_id": 185,
  "keywords": [
    "NuxtJS",
    "Trello",
    "Agit",
    "CassandraDB",
    "AWSRedshift"
  ],
  "rank": "NORMAL",
  "latitude": 37.3910698289609,
  "longitude": 126.652089783488,
  "_class": "com.ssafy.pickitup.domain.user.entity.UserMongo"
},
{
  "_id": 186,
  "keywords": [
    "Postman",
    "AWSCodePipeline",
    "Jest",
    "C++",
    "React Query"
  ],
  "rank": "NORMAL",
  "latitude": 37.2825587658541,
  "longitude": 127.020121509968,
  "_class": "com.ssafy.pickitup.domain.user.entity.UserMongo"
},
{
  "_id": 187,
  "keywords": [
    "AWSAthena",
    "Realm",
    "BackboneJS",
    "Go",
    "Mocha"
  ],
  "rank": "NORMAL",
  "latitude": 37.4493320894429,
  "longitude": 126.713525152911,
  "_class": "com.ssafy.pickitup.domain.user.entity.UserMongo"
},
{
  "_id": 188,
  "keywords": [
    "GoogleBigQuery",
    "C",
    "CircleCI",
    "Traefik",
    "BackboneJS"
  ],
  "rank": "NORMAL",
  "latitude": 37.5783209050878,
  "longitude": 126.894689433213,
  "_class": "com.ssafy.pickitup.domain.user.entity.UserMongo"
},
{
  "_id": 189,
  "keywords": [
    "MongoDB",
    "Jest",
    "Neo4j",
    "MSA",
    "Druid"
  ],
  "rank": "NORMAL",
  "latitude": 37.5567856576915,
  "longitude": 126.901347294861,
  "_class": "com.ssafy.pickitup.domain.user.entity.UserMongo"
},
{
  "_id": 190,
  "keywords": [
    "Central Dogma",
    "Zipkin",
    "Hadoop",
    "Jest",
    "Nexus"
  ],
  "rank": "NORMAL",
  "latitude": 37.4328373664367,
  "longitude": 126.750535160559,
  "_class": "com.ssafy.pickitup.domain.user.entity.UserMongo"
},
{
  "_id": 191,
  "keywords": [
    "jQuery",
    "Packer",
    "Xcode",
    "Fastify",
    "Retrofit"
  ],
  "rank": "NORMAL",
  "latitude": 37.5149186880221,
  "longitude": 127.014102820234,
  "_class": "com.ssafy.pickitup.domain.user.entity.UserMongo"
},
{
  "_id": 192,
  "keywords": [
    "Glide",
    "Asana",
    "Notion",
    "Groovy",
    "RocksDB"
  ],
  "rank": "NORMAL",
  "latitude": 37.4493320894429,
  "longitude": 126.713525152911,
  "_class": "com.ssafy.pickitup.domain.user.entity.UserMongo"
},
{
  "_id": 193,
  "keywords": [
    "Arcus",
    "MLOps",
    "Cypress",
    "Trello",
    "Harbor"
  ],
  "rank": "NORMAL",
  "latitude": 37.514322572329,
  "longitude": 127.062831022499,
  "_class": "com.ssafy.pickitup.domain.user.entity.UserMongo"
},
{
  "_id": 194,
  "keywords": [
    "Tableau",
    "Unity",
    "Bootstrap",
    "AWS DynamoDB",
    "TypeORM"
  ],
  "rank": "NORMAL",
  "latitude": 37.4493320894429,
  "longitude": 126.713525152911,
  "_class": "com.ssafy.pickitup.domain.user.entity.UserMongo"
},
{
  "_id": 195,
  "keywords": [
    "Ray",
    "Google Firestore",
    "Packer",
    "Swagger",
    "Capistrano"
  ],
  "rank": "NORMAL",
  "latitude": 37.5550949138085,
  "longitude": 126.914613374473,
  "_class": "com.ssafy.pickitup.domain.user.entity.UserMongo"
},
{
  "_id": 196,
  "keywords": [
    "Lottie",
    "AWS SQS",
    "Testing Library",
    "WebRTC",
    "Unity"
  ],
  "rank": "NORMAL",
  "latitude": 37.5783209050878,
  "longitude": 126.894689433213,
  "_class": "com.ssafy.pickitup.domain.user.entity.UserMongo"
},
{
  "_id": 197,
  "keywords": [
    "Monday",
    "OAuth",
    "Monday",
    "AWS DocumentDB",
    "ASPNET"
  ],
  "rank": "NORMAL",
  "latitude": 37.4953666908089,
  "longitude": 127.03306536185,
  "_class": "com.ssafy.pickitup.domain.user.entity.UserMongo"
},
{
  "_id": 198,
  "keywords": [
    "Kafka",
    "QA",
    "Bazel",
    "Tailwind",
    "Rundeck"
  ],
  "rank": "NORMAL",
  "latitude": 37.5051446767402,
  "longitude": 127.013359062646,
  "_class": "com.ssafy.pickitup.domain.user.entity.UserMongo"
},
{
  "_id": 199,
  "keywords": [
    "Tableau",
    "Espresso",
    "AWSRedshift",
    "Gatsby",
    "Docker"
  ],
  "rank": "NORMAL",
  "latitude": 37.5149186880221,
  "longitude": 127.014102820234,
  "_class": "com.ssafy.pickitup.domain.user.entity.UserMongo"
},
{
  "_id": 200,
  "keywords": [
    "Realm",
    "PostgreSQL",
    "ExpressJS",
    "Google Cloud Build",
    "React Query"
  ],
  "rank": "NORMAL",
  "latitude": 37.2576307301334,
  "longitude": 126.971872538584,
  "_class": "com.ssafy.pickitup.domain.user.entity.UserMongo"
},
{
  "_id": 201,
  "keywords": [
    "Docker",
    "HiberNate",
    "Java",
    "Jenkins",
    "MongoDB",
    "MySQL",
    "RabbitMQ",
    "Redis",
    "Scala",
    "Spring",
    "SpringBoot"
  ],
  "rank": "NORMAL",
  "latitude": 37.5012767241426,
  "longitude": 127.039600248343,
  "_class": "com.ssafy.pickitup.domain.user.entity.UserMongo"
},
{
  "_id": 203,
  "keywords": [
    "Agit",
    "C Sharp",
    "Dart",
    "Perl"
  ],
  "rank": "NORMAL",
  "latitude": 37.5482464117151,
  "longitude": 127.039635833604,
  "_class": "com.ssafy.pickitup.domain.user.entity.UserMongo"
},
{
  "_id": 209,
  "keywords": [
    "AWS Athena",
    "AWS CodeBuild",
    "AWS CodeDeploy",
    "Azure DevOps",
    "C Sharp",
    "Github Action",
    "Gulp",
    "Harbor",
    "Helm",
    "Jenkins",
    "Kubernetes",
    "Lua",
    "Metabase",
    "MLflow",
    "Nexus",
    "Packer",
    "Spinnaker",
    "Vault",
    "Zabbix",
    "Zeppelin"
  ],
  "rank": "NORMAL",
  "latitude": 37.5182112402056,
  "longitude": 127.023150432187,
  "_class": "com.ssafy.pickitup.domain.user.entity.UserMongo"
},
{
  "_id": 210,
  "keywords": [
    "Google Data Studio",
    "Hadoop",
    "Kafka",
    "Metabase",
    "Snowflake"
  ],
  "rank": "NORMAL",
  "latitude": 37.5185682413729,
  "longitude": 127.02302939349,
  "_class": "com.ssafy.pickitup.domain.user.entity.UserMongo"
},
{
  "_id": 212,
  "keywords": [
    "Django",
    "Python",
    "VueJS"
  ],
  "rank": "NORMAL",
  "latitude": 37.5012767241426,
  "longitude": 127.039600248343,
  "_class": "com.ssafy.pickitup.domain.user.entity.UserMongo"
}]