[{
  "_id": {
    "$oid": "660d090096f9df7a728b8dea"
  },
  "userId": 1,
  "recruitId": 626,
  "_class": "com.ssafy.pickitup.domain.user.entity.ScrapMongo"
},
{
  "_id": {
    "$oid": "660d091096f9df7a728b8dec"
  },
  "userId": 201,
  "recruitId": 1218,
  "_class": "com.ssafy.pickitup.domain.user.entity.ScrapMongo"
},
{
  "_id": {
    "$oid": "660d33c4de54262a0a14bc81"
  },
  "userId": 3,
  "recruitId": 2035,
  "_class": "com.ssafy.pickitup.domain.user.entity.ScrapMongo"
},
{
  "_id": {
    "$oid": "660d33c6de54262a0a14bc83"
  },
  "userId": 3,
  "recruitId": 1832,
  "_class": "com.ssafy.pickitup.domain.user.entity.ScrapMongo"
},
{
  "_id": {
    "$oid": "660d4218de54262a0a14bc84"
  },
  "userId": 1,
  "recruitId": 2278,
  "_class": "com.ssafy.pickitup.domain.user.entity.ScrapMongo"
},
{
  "_id": {
    "$oid": "660d4219de54262a0a14bc85"
  },
  "userId": 1,
  "recruitId": 2746,
  "_class": "com.ssafy.pickitup.domain.user.entity.ScrapMongo"
},
{
  "_id": {
    "$oid": "660d71d1de54262a0a14bc88"
  },
  "userId": 3,
  "recruitId": 2278,
  "_class": "com.ssafy.pickitup.domain.user.entity.ScrapMongo"
}]